company_name,job_name,job_type,publication_date,city,country
Siemens,Research Scientist (f/m/d) for Industry-grade Wireless Networks & Applications,external,2022-09-09,Munich,Munich
Siemens,Team Lead- 1st Shift/ 2nd Shift,external,2022-09-24,Horn Lake,Horn Lake
Siemens,Project Manager Signalling,external,2022-08-22,Singapore,Singapore
Siemens,Intern - Quantity Surveying,external,2022-09-20,Hong Kong,Hong Kong
Siemens,"Sr. Project Manager - Smart Buildings / Automation - Tampa, FL",external,2022-09-22,Tampa,Tampa
Siemens,Full Stack Developer (m/f/d) - Quality Execution,external,2022-08-22,Koblenz,Koblenz
Siemens,Process Expert - Purchase to Pay,external,2022-09-24,Bangalore,Bangalore
Siemens,Sr. Process Associate - Purchase to Pay,external,2022-09-14,Bangalore,Bangalore
Siemens,IIoT Product Marketing Manager,external,2022-08-22,Plano,Plano
Siemens,PLM Services Consultant REMOTE,external,2022-08-22,Rochester,Rochester
Siemens,Smart visuals - Business graphics,external,2022-08-22,Prague,Prague
Siemens,Automation Digital Deployment Specialist I,external,2022-09-24,Edmonton,Edmonton
Siemens,Engineering Development Program (Mobility),external,2022-08-27,Mckeesport,Mckeesport
Siemens,IT Support Technician - Smart Buildings,external,2022-08-22,Detroit,Detroit
Siemens,IT Operations Project Manager,external,2022-08-22,Abilene,Abilene
Siemens,Renewal Specialist - Grid Software,external,2022-09-24,Lakewood,Lakewood
Siemens,"System Technician - Smart Buildings/Fire Alarm - Level II -Columbus, OH",external,2022-08-24,Worthington,Worthington
Siemens,Commercial Project Manager,external,2022-09-24,Istanbul,Istanbul
Siemens,Director of Program Management,external,2022-08-22,Blue Ash,Blue Ash
Siemens,Buyer / Strategic Buyer - EMEA,external,2022-08-22,Katowice,Katowice
